Granule Name,Platform,Sensor,Beam Mode,Beam Mode Description,Orbit,Path Number,Frame Number,Acquisition Date,Processing Date,Processing Level,Start Time,End Time,Center Lat,Center Lon,Near Start Lat,Near Start Lon,Far Start Lat,Far Start Lon,Near End Lat,Near End Lon,Far End Lat,Far End Lon,Faraday Rotation,Ascending or Descending?,URL,Size (MB),Off Nadir Angle,Stack Size,Baseline Perp.,Doppler,
S1A_IW_SLC__1SDV_20160516T224517_20160516T224544_011290_0111B7_55E3,Sentinel-1A,SENTINEL-1 C-SAR,IW,"Interferometric Wide. 250 km swath, 5 m x 20 m spatial resolution and burst synchronization for interferometry. IW is considered to be the standard mode over land masses.",11290,18,558,2016-05-16T22:45:44.000000,2016-05-16T22:45:17.000000,SLC,2016-05-16T22:45:17.000000,2016-05-16T22:45:44.000000,10.0012,105.6835,10.590714,106.974037,11.0359,104.719597,8.960752,106.639359,9.410237,104.3965,NA,DESCENDING,https://datapool.asf.alaska.edu/SLC/SA/S1A_IW_SLC__1SDV_20160516T224517_20160516T224544_011290_0111B7_55E3.zip,4290.95605,NA,NA,NA,0,
S1A_IW_SLC__1SDV_20160528T224518_20160528T224545_011465_011773_EDDC,Sentinel-1A,SENTINEL-1 C-SAR,IW,"Interferometric Wide. 250 km swath, 5 m x 20 m spatial resolution and burst synchronization for interferometry. IW is considered to be the standard mode over land masses.",11465,18,558,2016-05-28T22:45:45.000000,2016-05-28T22:45:18.000000,SLC,2016-05-28T22:45:18.000000,2016-05-28T22:45:45.000000,10.0011,105.6833,10.590492,106.973885,11.035697,104.719398,8.960779,106.639244,9.410282,104.396347,NA,DESCENDING,https://datapool.asf.alaska.edu/SLC/SA/S1A_IW_SLC__1SDV_20160528T224518_20160528T224545_011465_011773_EDDC.zip,4347.31571,NA,NA,NA,0,
S1A_IW_SLC__1SDV_20160609T224518_20160609T224545_011640_011CF1_7FC0,Sentinel-1A,SENTINEL-1 C-SAR,IW,"Interferometric Wide. 250 km swath, 5 m x 20 m spatial resolution and burst synchronization for interferometry. IW is considered to be the standard mode over land masses.",11640,18,558,2016-06-09T22:45:45.000000,2016-06-09T22:45:18.000000,SLC,2016-06-09T22:45:18.000000,2016-06-09T22:45:45.000000,10.0007,105.6834,10.590328,106.973969,11.035533,104.719475,8.960242,106.639259,9.409746,104.396347,NA,DESCENDING,https://datapool.asf.alaska.edu/SLC/SA/S1A_IW_SLC__1SDV_20160609T224518_20160609T224545_011640_011CF1_7FC0.zip,4322.927631,NA,NA,NA,0,
S1A_IW_SLC__1SDV_20160703T224520_20160703T224547_011990_012808_C0A2,Sentinel-1A,SENTINEL-1 C-SAR,IW,"Interferometric Wide. 250 km swath, 5 m x 20 m spatial resolution and burst synchronization for interferometry. IW is considered to be the standard mode over land masses.",11990,18,558,2016-07-03T22:45:47.000000,2016-07-03T22:45:20.000000,SLC,2016-07-03T22:45:20.000000,2016-07-03T22:45:47.000000,10.0014,105.683,10.590723,106.973602,11.035891,104.719055,8.961139,106.63903,9.410604,104.396065,NA,DESCENDING,https://datapool.asf.alaska.edu/SLC/SA/S1A_IW_SLC__1SDV_20160703T224520_20160703T224547_011990_012808_C0A2.zip,4326.730922,NA,NA,NA,0,
S1A_IW_SLC__1SDV_20160715T224520_20160715T224547_012165_012DC1_1E93,Sentinel-1A,SENTINEL-1 C-SAR,IW,"Interferometric Wide. 250 km swath, 5 m x 20 m spatial resolution and burst synchronization for interferometry. IW is considered to be the standard mode over land masses.",12165,18,558,2016-07-15T22:45:47.000000,2016-07-15T22:45:20.000000,SLC,2016-07-15T22:45:20.000000,2016-07-15T22:45:47.000000,10.0008,105.6838,10.589847,106.974411,11.035073,104.719788,8.960764,106.639915,9.410288,104.396866,NA,DESCENDING,https://datapool.asf.alaska.edu/SLC/SA/S1A_IW_SLC__1SDV_20160715T224520_20160715T224547_012165_012DC1_1E93.zip,4309.651088,NA,NA,NA,0,
S1A_IW_SLC__1SDV_20160727T224521_20160727T224548_012340_013377_C235,Sentinel-1A,SENTINEL-1 C-SAR,IW,"Interferometric Wide. 250 km swath, 5 m x 20 m spatial resolution and burst synchronization for interferometry. IW is considered to be the standard mode over land masses.",12340,18,558,2016-07-27T22:45:48.000000,2016-07-27T22:45:21.000000,SLC,2016-07-27T22:45:21.000000,2016-07-27T22:45:48.000000,10.0006,105.6835,10.590124,106.974045,11.035325,104.71962,8.96016,106.639359,9.409661,104.396515,NA,DESCENDING,https://datapool.asf.alaska.edu/SLC/SA/S1A_IW_SLC__1SDV_20160727T224521_20160727T224548_012340_013377_C235.zip,4338.151868,NA,NA,NA,0,
S1A_IW_SLC__1SDV_20160808T224522_20160808T224549_012515_01394B_DD0E,Sentinel-1A,SENTINEL-1 C-SAR,IW,"Interferometric Wide. 250 km swath, 5 m x 20 m spatial resolution and burst synchronization for interferometry. IW is considered to be the standard mode over land masses.",12515,18,558,2016-08-08T22:45:49.000000,2016-08-08T22:45:22.000000,SLC,2016-08-08T22:45:22.000000,2016-08-08T22:45:49.000000,10.0001,105.6831,10.589832,106.973701,11.035028,104.719261,8.959496,106.638939,9.408991,104.39608,NA,DESCENDING,https://datapool.asf.alaska.edu/SLC/SA/S1A_IW_SLC__1SDV_20160808T224522_20160808T224549_012515_01394B_DD0E.zip,4335.715872,NA,NA,NA,0,
S1A_IW_SLC__1SDV_20160820T224522_20160820T224549_012690_013F19_FE87,Sentinel-1A,SENTINEL-1 C-SAR,IW,"Interferometric Wide. 250 km swath, 5 m x 20 m spatial resolution and burst synchronization for interferometry. IW is considered to be the standard mode over land masses.",12690,18,558,2016-08-20T22:45:49.000000,2016-08-20T22:45:22.000000,SLC,2016-08-20T22:45:22.000000,2016-08-20T22:45:49.000000,10.0001,105.6832,10.589638,106.973808,11.034831,104.719231,8.959683,106.639145,9.409176,104.396156,NA,DESCENDING,https://datapool.asf.alaska.edu/SLC/SA/S1A_IW_SLC__1SDV_20160820T224522_20160820T224549_012690_013F19_FE87.zip,4324.415961,NA,NA,NA,0,
S1A_IW_SLC__1SDV_20160901T224523_20160901T224550_012865_014504_ED06,Sentinel-1A,SENTINEL-1 C-SAR,IW,"Interferometric Wide. 250 km swath, 5 m x 20 m spatial resolution and burst synchronization for interferometry. IW is considered to be the standard mode over land masses.",12865,18,558,2016-09-01T22:45:50.000000,2016-09-01T22:45:23.000000,SLC,2016-09-01T22:45:23.000000,2016-09-01T22:45:50.000000,10.0002,105.6844,10.589878,106.975067,11.035064,104.720436,8.959674,106.640366,9.409158,104.397324,NA,DESCENDING,https://datapool.asf.alaska.edu/SLC/SA/S1A_IW_SLC__1SDV_20160901T224523_20160901T224550_012865_014504_ED06.zip,4327.396768,NA,NA,NA,0,
S1A_IW_SLC__1SDV_20160913T224523_20160913T224550_013040_014A9D_40CB,Sentinel-1A,SENTINEL-1 C-SAR,IW,"Interferometric Wide. 250 km swath, 5 m x 20 m spatial resolution and burst synchronization for interferometry. IW is considered to be the standard mode over land masses.",13040,18,558,2016-09-13T22:45:50.000000,2016-09-13T22:45:23.000000,SLC,2016-09-13T22:45:23.000000,2016-09-13T22:45:50.000000,10,105.6833,10.589376,106.973953,11.034584,104.719391,8.959669,106.63932,9.409175,104.396347,NA,DESCENDING,https://datapool.asf.alaska.edu/SLC/SA/S1A_IW_SLC__1SDV_20160913T224523_20160913T224550_013040_014A9D_40CB.zip,4349.155823,NA,NA,NA,0,
S1A_IW_SLC__1SDV_20160925T224524_20160925T224551_013215_01506E_2214,Sentinel-1A,SENTINEL-1 C-SAR,IW,"Interferometric Wide. 250 km swath, 5 m x 20 m spatial resolution and burst synchronization for interferometry. IW is considered to be the standard mode over land masses.",13215,18,561,2016-09-25T22:45:51.000000,2016-09-25T22:45:24.000000,SLC,2016-09-25T22:45:24.000000,2016-09-25T22:45:51.000000,10.0001,105.683,10.589488,106.973633,11.034722,104.718987,8.959665,106.638962,9.409196,104.395912,NA,DESCENDING,https://datapool.asf.alaska.edu/SLC/SA/S1A_IW_SLC__1SDV_20160925T224524_20160925T224551_013215_01506E_2214.zip,4282.286412,NA,NA,NA,0,S1A_IWDV_0561_0566_013215_018
S1A_IW_SLC__1SDV_20161007T224524_20161007T224551_013390_0155E8_0790,Sentinel-1A,SENTINEL-1 C-SAR,IW,"Interferometric Wide. 250 km swath, 5 m x 20 m spatial resolution and burst synchronization for interferometry. IW is considered to be the standard mode over land masses.",13390,18,559,2016-10-07T22:45:51.000000,2016-10-07T22:45:24.000000,SLC,2016-10-07T22:45:24.000000,2016-10-07T22:45:51.000000,9.9995,105.683,10.589017,106.973618,11.034242,104.719078,8.959069,106.638916,9.408591,104.395958,NA,DESCENDING,https://datapool.asf.alaska.edu/SLC/SA/S1A_IW_SLC__1SDV_20161007T224524_20161007T224551_013390_0155E8_0790.zip,4313.090947,NA,NA,NA,0,
S1A_IW_SLC__1SDV_20161019T224524_20161019T224551_013565_015B80_8DFA,Sentinel-1A,SENTINEL-1 C-SAR,IW,"Interferometric Wide. 250 km swath, 5 m x 20 m spatial resolution and burst synchronization for interferometry. IW is considered to be the standard mode over land masses.",13565,18,558,2016-10-19T22:45:51.000000,2016-10-19T22:45:24.000000,SLC,2016-10-19T22:45:24.000000,2016-10-19T22:45:51.000000,10.0001,105.6839,10.58957,106.974548,11.034804,104.719933,8.959623,106.639839,9.409154,104.396812,NA,DESCENDING,https://datapool.asf.alaska.edu/SLC/SA/S1A_IW_SLC__1SDV_20161019T224524_20161019T224551_013565_015B80_8DFA.zip,4245.755262,NA,NA,NA,0,
S1A_IW_SLC__1SDV_20161031T224524_20161031T224551_013740_0160DA_1D5A,Sentinel-1A,SENTINEL-1 C-SAR,IW,"Interferometric Wide. 250 km swath, 5 m x 20 m spatial resolution and burst synchronization for interferometry. IW is considered to be the standard mode over land masses.",13740,18,558,2016-10-31T22:45:51.000000,2016-10-31T22:45:24.000000,SLC,2016-10-31T22:45:24.000000,2016-10-31T22:45:51.000000,10.0004,105.683,10.58941,106.973526,11.034594,104.718956,8.960577,106.639069,9.410054,104.39608,NA,DESCENDING,https://datapool.asf.alaska.edu/SLC/SA/S1A_IW_SLC__1SDV_20161031T224524_20161031T224551_013740_0160DA_1D5A.zip,4232.443639,NA,NA,NA,0,
S1A_IW_SLC__1SDV_20161112T224524_20161112T224551_013915_016666_1468,Sentinel-1A,SENTINEL-1 C-SAR,IW,"Interferometric Wide. 250 km swath, 5 m x 20 m spatial resolution and burst synchronization for interferometry. IW is considered to be the standard mode over land masses.",13915,18,558,2016-11-12T22:45:51.000000,2016-11-12T22:45:24.000000,SLC,2016-11-12T22:45:24.000000,2016-11-12T22:45:51.000000,10.0001,105.6833,10.588913,106.973824,11.034121,104.719238,8.960332,106.639397,9.409831,104.396408,NA,DESCENDING,https://datapool.asf.alaska.edu/SLC/SA/S1A_IW_SLC__1SDV_20161112T224524_20161112T224551_013915_016666_1468.zip,4263.751093,NA,NA,NA,0,
S1A_IW_SLC__1SDV_20161206T224523_20161206T224550_014265_017134_A09E,Sentinel-1A,SENTINEL-1 C-SAR,IW,"Interferometric Wide. 250 km swath, 5 m x 20 m spatial resolution and burst synchronization for interferometry. IW is considered to be the standard mode over land masses.",14265,18,558,2016-12-06T22:45:50.000000,2016-12-06T22:45:23.000000,SLC,2016-12-06T22:45:23.000000,2016-12-06T22:45:50.000000,10.0002,105.6829,10.588992,106.973381,11.034231,104.718819,8.960415,106.638924,9.409945,104.395958,NA,DESCENDING,https://datapool.asf.alaska.edu/SLC/SA/S1A_IW_SLC__1SDV_20161206T224523_20161206T224550_014265_017134_A09E.zip,4302.025821,NA,NA,NA,0,
S1A_IW_SLC__1SDV_20161218T224523_20161218T224550_014440_0176B7_0A4F,Sentinel-1A,SENTINEL-1 C-SAR,IW,"Interferometric Wide. 250 km swath, 5 m x 20 m spatial resolution and burst synchronization for interferometry. IW is considered to be the standard mode over land masses.",14440,18,559,2016-12-18T22:45:50.000000,2016-12-18T22:45:23.000000,SLC,2016-12-18T22:45:23.000000,2016-12-18T22:45:50.000000,10.0007,105.6828,10.589646,106.973381,11.034874,104.718819,8.960819,106.638878,9.410338,104.395912,NA,DESCENDING,https://datapool.asf.alaska.edu/SLC/SA/S1A_IW_SLC__1SDV_20161218T224523_20161218T224550_014440_0176B7_0A4F.zip,4329.758676,NA,NA,NA,0,
S1A_IW_SLC__1SDV_20161230T224522_20161230T224549_014615_017C27_86C3,Sentinel-1A,SENTINEL-1 C-SAR,IW,"Interferometric Wide. 250 km swath, 5 m x 20 m spatial resolution and burst synchronization for interferometry. IW is considered to be the standard mode over land masses.",14615,18,559,2016-12-30T22:45:49.000000,2016-12-30T22:45:22.000000,SLC,2016-12-30T22:45:22.000000,2016-12-30T22:45:49.000000,10.0004,105.6824,10.589475,106.973007,11.034664,104.718414,8.960398,106.638489,9.409879,104.395493,NA,DESCENDING,https://datapool.asf.alaska.edu/SLC/SA/S1A_IW_SLC__1SDV_20161230T224522_20161230T224549_014615_017C27_86C3.zip,4315.309967,NA,NA,NA,0,
S1A_IW_SLC__1SDV_20170111T224521_20170111T224548_014790_018169_6FB0,Sentinel-1A,SENTINEL-1 C-SAR,IW,"Interferometric Wide. 250 km swath, 5 m x 20 m spatial resolution and burst synchronization for interferometry. IW is considered to be the standard mode over land masses.",14790,18,559,2017-01-11T22:45:48.000000,2017-01-11T22:45:21.000000,SLC,2017-01-11T22:45:21.000000,2017-01-11T22:45:48.000000,10.0006,105.683,10.589758,106.973579,11.034937,104.719009,8.960553,106.639038,9.410025,104.396065,NA,DESCENDING,https://datapool.asf.alaska.edu/SLC/SA/S1A_IW_SLC__1SDV_20170111T224521_20170111T224548_014790_018169_6FB0.zip,4291.300164,NA,NA,NA,0,
S1A_IW_SLC__1SDV_20170123T224520_20170123T224547_014965_0186E4_CF65,Sentinel-1A,SENTINEL-1 C-SAR,IW,"Interferometric Wide. 250 km swath, 5 m x 20 m spatial resolution and burst synchronization for interferometry. IW is considered to be the standard mode over land masses.",14965,18,559,2017-01-23T22:45:47.000000,2017-01-23T22:45:20.000000,SLC,2017-01-23T22:45:20.000000,2017-01-23T22:45:47.000000,10.0007,105.6835,10.589804,106.974014,11.03502,104.719467,8.960725,106.639473,9.410233,104.396515,NA,DESCENDING,https://datapool.asf.alaska.edu/SLC/SA/S1A_IW_SLC__1SDV_20170123T224520_20170123T224547_014965_0186E4_CF65.zip,4323.348004,NA,NA,NA,0,
S1A_IW_SLC__1SDV_20170204T224520_20170204T224547_015140_018C3A_4D37,Sentinel-1A,SENTINEL-1 C-SAR,IW,"Interferometric Wide. 250 km swath, 5 m x 20 m spatial resolution and burst synchronization for interferometry. IW is considered to be the standard mode over land masses.",15140,18,559,2017-02-04T22:45:47.000000,2017-02-04T22:45:20.000000,SLC,2017-02-04T22:45:20.000000,2017-02-04T22:45:47.000000,9.9999,105.6834,10.588816,106.973892,11.034041,104.719383,8.960113,106.63942,9.409631,104.3965,NA,DESCENDING,https://datapool.asf.alaska.edu/SLC/SA/S1A_IW_SLC__1SDV_20170204T224520_20170204T224547_015140_018C3A_4D37.zip,4319.762297,NA,NA,NA,0,
S1A_IW_SLC__1SDV_20170228T224520_20170228T224547_015490_019719_5EA6,Sentinel-1A,SENTINEL-1 C-SAR,IW,"Interferometric Wide. 250 km swath, 5 m x 20 m spatial resolution and burst synchronization for interferometry. IW is considered to be the standard mode over land masses.",15490,18,559,2017-02-28T22:45:47.000000,2017-02-28T22:45:20.000000,SLC,2017-02-28T22:45:20.000000,2017-02-28T22:45:47.000000,10.0003,105.6835,10.589499,106.973961,11.034681,104.719521,8.960284,106.639412,9.40976,104.396561,NA,DESCENDING,https://datapool.asf.alaska.edu/SLC/SA/S1A_IW_SLC__1SDV_20170228T224520_20170228T224547_015490_019719_5EA6.zip,4352.787724,NA,NA,NA,0,
S1A_IW_SLC__1SDV_20170312T224520_20170312T224547_015665_019C5C_405A,Sentinel-1A,SENTINEL-1 C-SAR,IW,"Interferometric Wide. 250 km swath, 5 m x 20 m spatial resolution and burst synchronization for interferometry. IW is considered to be the standard mode over land masses.",15665,18,559,2017-03-12T22:45:47.000000,2017-03-12T22:45:20.000000,SLC,2017-03-12T22:45:20.000000,2017-03-12T22:45:47.000000,9.9999,105.6824,10.589236,106.972931,11.034383,104.718567,8.959643,106.638329,9.409085,104.395554,NA,DESCENDING,https://datapool.asf.alaska.edu/SLC/SA/S1A_IW_SLC__1SDV_20170312T224520_20170312T224547_015665_019C5C_405A.zip,4275.589085,NA,NA,NA,0,
S1A_IW_SLC__1SDV_20170324T224520_20170324T224547_015840_01A18C_1CC3,Sentinel-1A,SENTINEL-1 C-SAR,IW,"Interferometric Wide. 250 km swath, 5 m x 20 m spatial resolution and burst synchronization for interferometry. IW is considered to be the standard mode over land masses.",15840,18,559,2017-03-24T22:45:47.000000,2017-03-24T22:45:20.000000,SLC,2017-03-24T22:45:20.000000,2017-03-24T22:45:47.000000,9.9998,105.683,10.588958,106.973404,11.034116,104.719078,8.959736,106.638878,9.409188,104.396126,NA,DESCENDING,https://datapool.asf.alaska.edu/SLC/SA/S1A_IW_SLC__1SDV_20170324T224520_20170324T224547_015840_01A18C_1CC3.zip,4313.640409,NA,NA,NA,0,
S1A_IW_SLC__1SDV_20170405T224521_20170405T224548_016015_01A6C1_9552,Sentinel-1A,SENTINEL-1 C-SAR,IW,"Interferometric Wide. 250 km swath, 5 m x 20 m spatial resolution and burst synchronization for interferometry. IW is considered to be the standard mode over land masses.",16015,18,559,2017-04-05T22:45:48.000000,2017-04-05T22:45:21.000000,SLC,2017-04-05T22:45:21.000000,2017-04-05T22:45:48.000000,10.0001,105.6826,10.589254,106.973022,11.034424,104.718697,8.960154,106.638519,9.409618,104.395767,NA,DESCENDING,https://datapool.asf.alaska.edu/SLC/SA/S1A_IW_SLC__1SDV_20170405T224521_20170405T224548_016015_01A6C1_9552.zip,4342.676389,NA,NA,NA,0,
S1A_IW_SLC__1SDV_20170417T224521_20170417T224548_016190_01AC20_E179,Sentinel-1A,SENTINEL-1 C-SAR,IW,"Interferometric Wide. 250 km swath, 5 m x 20 m spatial resolution and burst synchronization for interferometry. IW is considered to be the standard mode over land masses.",16190,18,559,2017-04-17T22:45:48.000000,2017-04-17T22:45:21.000000,SLC,2017-04-17T22:45:21.000000,2017-04-17T22:45:48.000000,10.0003,105.683,10.589213,106.973465,11.034453,104.718948,8.960502,106.639023,9.410036,104.39608,NA,DESCENDING,https://datapool.asf.alaska.edu/SLC/SA/S1A_IW_SLC__1SDV_20170417T224521_20170417T224548_016190_01AC20_E179.zip,4273.324804,NA,NA,NA,0,
S1A_IW_SLC__1SDV_20170429T224522_20170429T224549_016365_01B170_84D7,Sentinel-1A,SENTINEL-1 C-SAR,IW,"Interferometric Wide. 250 km swath, 5 m x 20 m spatial resolution and burst synchronization for interferometry. IW is considered to be the standard mode over land masses.",16365,18,559,2017-04-29T22:45:49.000000,2017-04-29T22:45:22.000000,SLC,2017-04-29T22:45:22.000000,2017-04-29T22:45:49.000000,10.0009,105.6833,10.590105,106.973854,11.035296,104.71936,8.960764,106.639305,9.410253,104.396393,NA,DESCENDING,https://datapool.asf.alaska.edu/SLC/SA/S1A_IW_SLC__1SDV_20170429T224522_20170429T224549_016365_01B170_84D7.zip,4316.793907,NA,NA,NA,0,
S1A_IW_SLC__1SDV_20170511T224522_20170511T224549_016540_01B6B8_89E3,Sentinel-1A,SENTINEL-1 C-SAR,IW,"Interferometric Wide. 250 km swath, 5 m x 20 m spatial resolution and burst synchronization for interferometry. IW is considered to be the standard mode over land masses.",16540,18,559,2017-05-11T22:45:49.000000,2017-05-11T22:45:22.000000,SLC,2017-05-11T22:45:22.000000,2017-05-11T22:45:49.000000,10.0005,105.6828,10.589628,106.973351,11.034825,104.71875,8.960542,106.63887,9.410035,104.395851,NA,DESCENDING,https://datapool.asf.alaska.edu/SLC/SA/S1A_IW_SLC__1SDV_20170511T224522_20170511T224549_016540_01B6B8_89E3.zip,4331.288226,NA,NA,NA,0,
S1A_IW_SLC__1SDV_20170523T224523_20170523T224550_016715_01BC23_3F28,Sentinel-1A,SENTINEL-1 C-SAR,IW,"Interferometric Wide. 250 km swath, 5 m x 20 m spatial resolution and burst synchronization for interferometry. IW is considered to be the standard mode over land masses.",16715,18,559,2017-05-23T22:45:50.000000,2017-05-23T22:45:23.000000,SLC,2017-05-23T22:45:23.000000,2017-05-23T22:45:50.000000,10.0005,105.6831,10.590086,106.973717,11.035237,104.719238,8.959994,106.639038,9.409445,104.396149,NA,DESCENDING,https://datapool.asf.alaska.edu/SLC/SA/S1A_IW_SLC__1SDV_20170523T224523_20170523T224550_016715_01BC23_3F28.zip,4329.685535,NA,NA,NA,0,
S1A_IW_SLC__1SDV_20170604T224524_20170604T224551_016890_01C18F_4F86,Sentinel-1A,SENTINEL-1 C-SAR,IW,"Interferometric Wide. 250 km swath, 5 m x 20 m spatial resolution and burst synchronization for interferometry. IW is considered to be the standard mode over land masses.",16890,18,559,2017-06-04T22:45:51.000000,2017-06-04T22:45:24.000000,SLC,2017-06-04T22:45:24.000000,2017-06-04T22:45:51.000000,10.0003,105.6831,10.589668,106.973671,11.034884,104.719101,8.960086,106.639061,9.409599,104.39608,NA,DESCENDING,https://datapool.asf.alaska.edu/SLC/SA/S1A_IW_SLC__1SDV_20170604T224524_20170604T224551_016890_01C18F_4F86.zip,4327.757899,NA,NA,NA,0,
S1A_IW_SLC__1SDV_20170616T224524_20170616T224551_017065_01C6F4_6EB1,Sentinel-1A,SENTINEL-1 C-SAR,IW,"Interferometric Wide. 250 km swath, 5 m x 20 m spatial resolution and burst synchronization for interferometry. IW is considered to be the standard mode over land masses.",17065,18,559,2017-06-16T22:45:51.000000,2017-06-16T22:45:24.000000,SLC,2017-06-16T22:45:24.000000,2017-06-16T22:45:51.000000,10.0009,105.6834,10.590305,106.97403,11.035522,104.719528,8.96047,106.639366,9.409985,104.396446,NA,DESCENDING,https://datapool.asf.alaska.edu/SLC/SA/S1A_IW_SLC__1SDV_20170616T224524_20170616T224551_017065_01C6F4_6EB1.zip,4335.828842,NA,NA,NA,0,
S1A_IW_SLC__1SDV_20170628T224525_20170628T224552_017240_01CC40_DB65,Sentinel-1A,SENTINEL-1 C-SAR,IW,"Interferometric Wide. 250 km swath, 5 m x 20 m spatial resolution and burst synchronization for interferometry. IW is considered to be the standard mode over land masses.",17240,18,559,2017-06-28T22:45:52.000000,2017-06-28T22:45:25.000000,SLC,2017-06-28T22:45:25.000000,2017-06-28T22:45:52.000000,10.0008,105.6835,10.589903,106.974037,11.035113,104.719505,8.96069,106.639511,9.410198,104.396553,NA,DESCENDING,https://datapool.asf.alaska.edu/SLC/SA/S1A_IW_SLC__1SDV_20170628T224525_20170628T224552_017240_01CC40_DB65.zip,4316.381207,NA,NA,NA,0,
S1A_IW_SLC__1SDV_20170710T224526_20170710T224553_017415_01D18A_C46C,Sentinel-1A,SENTINEL-1 C-SAR,IW,"Interferometric Wide. 250 km swath, 5 m x 20 m spatial resolution and burst synchronization for interferometry. IW is considered to be the standard mode over land masses.",17415,18,559,2017-07-10T22:45:53.000000,2017-07-10T22:45:26.000000,SLC,2017-07-10T22:45:26.000000,2017-07-10T22:45:53.000000,10.0004,105.6834,10.590086,106.973999,11.035254,104.71949,8.959748,106.639267,9.409215,104.396347,NA,DESCENDING,https://datapool.asf.alaska.edu/SLC/SA/S1A_IW_SLC__1SDV_20170710T224526_20170710T224553_017415_01D18A_C46C.zip,4341.814446,NA,NA,NA,0,
S1A_IW_SLC__1SDV_20170722T224526_20170722T224553_017590_01D6D9_FC29,Sentinel-1A,SENTINEL-1 C-SAR,IW,"Interferometric Wide. 250 km swath, 5 m x 20 m spatial resolution and burst synchronization for interferometry. IW is considered to be the standard mode over land masses.",17590,18,559,2017-07-22T22:45:53.000000,2017-07-22T22:45:26.000000,SLC,2017-07-22T22:45:26.000000,2017-07-22T22:45:53.000000,10,105.6836,10.589547,106.974205,11.034737,104.71962,8.959464,106.639519,9.408952,104.396523,NA,DESCENDING,https://datapool.asf.alaska.edu/SLC/SA/S1A_IW_SLC__1SDV_20170722T224526_20170722T224553_017590_01D6D9_FC29.zip,4328.829255,NA,NA,NA,0,
S1A_IW_SLC__1SDV_20170803T224527_20170803T224554_017765_01DC33_99E3,Sentinel-1A,SENTINEL-1 C-SAR,IW,"Interferometric Wide. 250 km swath, 5 m x 20 m spatial resolution and burst synchronization for interferometry. IW is considered to be the standard mode over land masses.",17765,18,559,2017-08-03T22:45:54.000000,2017-08-03T22:45:27.000000,SLC,2017-08-03T22:45:27.000000,2017-08-03T22:45:54.000000,10.0005,105.683,10.59008,106.97364,11.03527,104.719093,8.959996,106.638954,9.409485,104.395988,NA,DESCENDING,https://datapool.asf.alaska.edu/SLC/SA/S1A_IW_SLC__1SDV_20170803T224527_20170803T224554_017765_01DC33_99E3.zip,4355.963798,NA,NA,NA,0,
S1A_IW_SLC__1SDV_20170815T224528_20170815T224555_017940_01E187_C62D,Sentinel-1A,SENTINEL-1 C-SAR,IW,"Interferometric Wide. 250 km swath, 5 m x 20 m spatial resolution and burst synchronization for interferometry. IW is considered to be the standard mode over land masses.",17940,18,559,2017-08-15T22:45:55.000000,2017-08-15T22:45:28.000000,SLC,2017-08-15T22:45:28.000000,2017-08-15T22:45:55.000000,9.9997,105.6829,10.589185,106.973412,11.034399,104.718994,8.95935,106.638733,9.408861,104.395905,NA,DESCENDING,https://datapool.asf.alaska.edu/SLC/SA/S1A_IW_SLC__1SDV_20170815T224528_20170815T224555_017940_01E187_C62D.zip,4368.272138,NA,NA,NA,0,
S1A_IW_SLC__1SDV_20170827T224528_20170827T224555_018115_01E6D1_4AAB,Sentinel-1A,SENTINEL-1 C-SAR,IW,"Interferometric Wide. 250 km swath, 5 m x 20 m spatial resolution and burst synchronization for interferometry. IW is considered to be the standard mode over land masses.",18115,18,559,2017-08-27T22:45:55.000000,2017-08-27T22:45:28.000000,SLC,2017-08-27T22:45:28.000000,2017-08-27T22:45:55.000000,10.0001,105.6833,10.589433,106.97393,11.034664,104.719315,8.959854,106.63932,9.409383,104.396286,NA,DESCENDING,https://datapool.asf.alaska.edu/SLC/SA/S1A_IW_SLC__1SDV_20170827T224528_20170827T224555_018115_01E6D1_4AAB.zip,4304.913232,NA,NA,NA,0,
S1A_IW_SLC__1SDV_20170908T224529_20170908T224556_018290_01EC2A_E900,Sentinel-1A,SENTINEL-1 C-SAR,IW,"Interferometric Wide. 250 km swath, 5 m x 20 m spatial resolution and burst synchronization for interferometry. IW is considered to be the standard mode over land masses.",18290,18,559,2017-09-08T22:45:56.000000,2017-09-08T22:45:29.000000,SLC,2017-09-08T22:45:29.000000,2017-09-08T22:45:56.000000,10,105.6835,10.588616,106.973961,11.033806,104.719391,8.960403,106.639648,9.409887,104.39666,NA,DESCENDING,https://datapool.asf.alaska.edu/SLC/SA/S1A_IW_SLC__1SDV_20170908T224529_20170908T224556_018290_01EC2A_E900.zip,4264.00808,NA,NA,NA,0,
S1A_IW_SLC__1SDV_20170920T224529_20170920T224556_018465_01F18C_DFE9,Sentinel-1A,SENTINEL-1 C-SAR,IW,"Interferometric Wide. 250 km swath, 5 m x 20 m spatial resolution and burst synchronization for interferometry. IW is considered to be the standard mode over land masses.",18465,18,559,2017-09-20T22:45:56.000000,2017-09-20T22:45:29.000000,SLC,2017-09-20T22:45:29.000000,2017-09-20T22:45:56.000000,10.0002,105.683,10.589639,106.973648,11.034821,104.719086,8.95993,106.63903,9.409409,104.396057,NA,DESCENDING,https://datapool.asf.alaska.edu/SLC/SA/S1A_IW_SLC__1SDV_20170920T224529_20170920T224556_018465_01F18C_DFE9.zip,4276.120739,NA,NA,NA,0,
S1A_IW_SLC__1SDV_20171002T224530_20171002T224556_018640_01F6EE_44A1,Sentinel-1A,SENTINEL-1 C-SAR,IW,"Interferometric Wide. 250 km swath, 5 m x 20 m spatial resolution and burst synchronization for interferometry. IW is considered to be the standard mode over land masses.",18640,18,559,2017-10-02T22:45:56.000000,2017-10-02T22:45:30.000000,SLC,2017-10-02T22:45:30.000000,2017-10-02T22:45:56.000000,9.9994,105.6831,10.588937,106.973686,11.034134,104.719208,8.958858,106.638962,9.408352,104.39608,NA,DESCENDING,https://datapool.asf.alaska.edu/SLC/SA/S1A_IW_SLC__1SDV_20171002T224530_20171002T224556_018640_01F6EE_44A1.zip,4272.299884,NA,NA,NA,0,
S1A_IW_SLC__1SDV_20171014T224530_20171014T224557_018815_01FC40_761E,Sentinel-1A,SENTINEL-1 C-SAR,IW,"Interferometric Wide. 250 km swath, 5 m x 20 m spatial resolution and burst synchronization for interferometry. IW is considered to be the standard mode over land masses.",18815,18,558,2017-10-14T22:45:57.000000,2017-10-14T22:45:30.000000,SLC,2017-10-14T22:45:30.000000,2017-10-14T22:45:57.000000,9.9995,105.6831,10.589063,106.97374,11.034295,104.719223,8.958991,106.638992,9.408521,104.396072,NA,DESCENDING,https://datapool.asf.alaska.edu/SLC/SA/S1A_IW_SLC__1SDV_20171014T224530_20171014T224557_018815_01FC40_761E.zip,4303.00063,NA,NA,NA,0,
S1A_IW_SLC__1SDV_20171026T224530_20171026T224557_018990_02018F_313F,Sentinel-1A,SENTINEL-1 C-SAR,IW,"Interferometric Wide. 250 km swath, 5 m x 20 m spatial resolution and burst synchronization for interferometry. IW is considered to be the standard mode over land masses.",18990,18,558,2017-10-26T22:45:57.000000,2017-10-26T22:45:30.000000,SLC,2017-10-26T22:45:30.000000,2017-10-26T22:45:57.000000,10.0002,105.6828,10.588926,106.973297,11.034161,104.718788,8.960596,106.638901,9.410122,104.395981,NA,DESCENDING,https://datapool.asf.alaska.edu/SLC/SA/S1A_IW_SLC__1SDV_20171026T224530_20171026T224557_018990_02018F_313F.zip,4196.568037,NA,NA,NA,0,
S1A_IW_SLC__1SDV_20171107T224530_20171107T224556_019165_0206FC_D190,Sentinel-1A,SENTINEL-1 C-SAR,IW,"Interferometric Wide. 250 km swath, 5 m x 20 m spatial resolution and burst synchronization for interferometry. IW is considered to be the standard mode over land masses.",19165,18,558,2017-11-07T22:45:56.000000,2017-11-07T22:45:30.000000,SLC,2017-11-07T22:45:30.000000,2017-11-07T22:45:56.000000,10.0002,105.6833,10.589193,106.973793,11.034402,104.719238,8.960362,106.639313,9.409863,104.396347,NA,DESCENDING,https://datapool.asf.alaska.edu/SLC/SA/S1A_IW_SLC__1SDV_20171107T224530_20171107T224556_019165_0206FC_D190.zip,4220.116176,NA,NA,NA,0,
S1A_IW_SLC__1SDV_20171119T224529_20171119T224556_019340_020C77_B75C,Sentinel-1A,SENTINEL-1 C-SAR,IW,"Interferometric Wide. 250 km swath, 5 m x 20 m spatial resolution and burst synchronization for interferometry. IW is considered to be the standard mode over land masses.",19340,18,558,2017-11-19T22:45:56.000000,2017-11-19T22:45:29.000000,SLC,2017-11-19T22:45:29.000000,2017-11-19T22:45:56.000000,10.0005,105.683,10.589687,106.973618,11.034884,104.719048,8.960484,106.639069,9.409973,104.396095,NA,DESCENDING,https://datapool.asf.alaska.edu/SLC/SA/S1A_IW_SLC__1SDV_20171119T224529_20171119T224556_019340_020C77_B75C.zip,4207.75703,NA,NA,NA,0,
S1A_IW_SLC__1SDV_20171201T224529_20171201T224556_019515_0211F1_38C2,Sentinel-1A,SENTINEL-1 C-SAR,IW,"Interferometric Wide. 250 km swath, 5 m x 20 m spatial resolution and burst synchronization for interferometry. IW is considered to be the standard mode over land masses.",19515,18,558,2017-12-01T22:45:56.000000,2017-12-01T22:45:29.000000,SLC,2017-12-01T22:45:29.000000,2017-12-01T22:45:56.000000,10,105.6836,10.588922,106.974167,11.034115,104.719597,8.960216,106.639717,9.409699,104.396744,NA,DESCENDING,https://datapool.asf.alaska.edu/SLC/SA/S1A_IW_SLC__1SDV_20171201T224529_20171201T224556_019515_0211F1_38C2.zip,4266.495023,NA,NA,NA,0,
S1A_IW_SLC__1SDV_20171213T224529_20171213T224556_019690_02176B_816F,Sentinel-1A,SENTINEL-1 C-SAR,IW,"Interferometric Wide. 250 km swath, 5 m x 20 m spatial resolution and burst synchronization for interferometry. IW is considered to be the standard mode over land masses.",19690,18,558,2017-12-13T22:45:56.000000,2017-12-13T22:45:29.000000,SLC,2017-12-13T22:45:29.000000,2017-12-13T22:45:56.000000,10.0007,105.6838,10.589737,106.97435,11.034949,104.719772,8.960784,106.639839,9.410288,104.396858,NA,DESCENDING,https://datapool.asf.alaska.edu/SLC/SA/S1A_IW_SLC__1SDV_20171213T224529_20171213T224556_019690_02176B_816F.zip,4283.637853,NA,NA,NA,0,
S1A_IW_SLC__1SDV_20171225T224528_20171225T224555_019865_021CD0_2C94,Sentinel-1A,SENTINEL-1 C-SAR,IW,"Interferometric Wide. 250 km swath, 5 m x 20 m spatial resolution and burst synchronization for interferometry. IW is considered to be the standard mode over land masses.",19865,18,558,2017-12-25T22:45:55.000000,2017-12-25T22:45:28.000000,SLC,2017-12-25T22:45:28.000000,2017-12-25T22:45:55.000000,10.0012,105.6842,10.590156,106.974762,11.035394,104.720177,8.961206,106.640228,9.410736,104.39724,NA,DESCENDING,https://datapool.asf.alaska.edu/SLC/SA/S1A_IW_SLC__1SDV_20171225T224528_20171225T224555_019865_021CD0_2C94.zip,4348.338898,NA,NA,NA,0,
S1A_IW_SLC__1SDV_20180106T224528_20180106T224554_020040_02225C_A3FD,Sentinel-1A,SENTINEL-1 C-SAR,IW,"Interferometric Wide. 250 km swath, 5 m x 20 m spatial resolution and burst synchronization for interferometry. IW is considered to be the standard mode over land masses.",20040,18,558,2018-01-06T22:45:54.000000,2018-01-06T22:45:28.000000,SLC,2018-01-06T22:45:28.000000,2018-01-06T22:45:54.000000,10.0008,105.6835,10.589808,106.97406,11.035038,104.719475,8.960856,106.639534,9.410379,104.396545,NA,DESCENDING,https://datapool.asf.alaska.edu/SLC/SA/S1A_IW_SLC__1SDV_20180106T224528_20180106T224554_020040_02225C_A3FD.zip,4324.958824,NA,NA,NA,0,
S1A_IW_SLC__1SDV_20180118T224527_20180118T224554_020215_0227E8_5D1A,Sentinel-1A,SENTINEL-1 C-SAR,IW,"Interferometric Wide. 250 km swath, 5 m x 20 m spatial resolution and burst synchronization for interferometry. IW is considered to be the standard mode over land masses.",20215,18,558,2018-01-18T22:45:54.000000,2018-01-18T22:45:27.000000,SLC,2018-01-18T22:45:27.000000,2018-01-18T22:45:54.000000,10.001,105.683,10.590138,106.97361,11.035329,104.719025,8.960935,106.639061,9.410419,104.396072,NA,DESCENDING,https://datapool.asf.alaska.edu/SLC/SA/S1A_IW_SLC__1SDV_20180118T224527_20180118T224554_020215_0227E8_5D1A.zip,4311.315083,NA,NA,NA,0,
S1A_IW_SLC__1SDV_20180130T224527_20180130T224554_020390_022D78_74D4,Sentinel-1A,SENTINEL-1 C-SAR,IW,"Interferometric Wide. 250 km swath, 5 m x 20 m spatial resolution and burst synchronization for interferometry. IW is considered to be the standard mode over land masses.",20390,18,558,2018-01-30T22:45:54.000000,2018-01-30T22:45:27.000000,SLC,2018-01-30T22:45:27.000000,2018-01-30T22:45:54.000000,10.0012,105.6835,10.590325,106.974075,11.035505,104.719521,8.961119,106.639534,9.410592,104.396576,NA,DESCENDING,https://datapool.asf.alaska.edu/SLC/SA/S1A_IW_SLC__1SDV_20180130T224527_20180130T224554_020390_022D78_74D4.zip,4328.805822,NA,NA,NA,0,
S1A_IW_SLC__1SDV_20180211T224527_20180211T224554_020565_023310_3AC8,Sentinel-1A,SENTINEL-1 C-SAR,IW,"Interferometric Wide. 250 km swath, 5 m x 20 m spatial resolution and burst synchronization for interferometry. IW is considered to be the standard mode over land masses.",20565,18,558,2018-02-11T22:45:54.000000,2018-02-11T22:45:27.000000,SLC,2018-02-11T22:45:27.000000,2018-02-11T22:45:54.000000,10,105.6829,10.589187,106.973465,11.034388,104.718933,8.95998,106.638908,9.409474,104.395973,NA,DESCENDING,https://datapool.asf.alaska.edu/SLC/SA/S1A_IW_SLC__1SDV_20180211T224527_20180211T224554_020565_023310_3AC8.zip,4316.309317,NA,NA,NA,0,
S1A_IW_SLC__1SDV_20180223T224526_20180223T224553_020740_0238A5_8565,Sentinel-1A,SENTINEL-1 C-SAR,IW,"Interferometric Wide. 250 km swath, 5 m x 20 m spatial resolution and burst synchronization for interferometry. IW is considered to be the standard mode over land masses.",20740,18,558,2018-02-23T22:45:53.000000,2018-02-23T22:45:26.000000,SLC,2018-02-23T22:45:26.000000,2018-02-23T22:45:53.000000,10.0004,105.6836,10.589403,106.974075,11.034638,104.719597,8.960445,106.639542,9.409974,104.39666,NA,DESCENDING,https://datapool.asf.alaska.edu/SLC/SA/S1A_IW_SLC__1SDV_20180223T224526_20180223T224553_020740_0238A5_8565.zip,4367.939792,NA,NA,NA,0,
S1A_IW_SLC__1SDV_20180307T224526_20180307T224553_020915_023E2F_BEAD,Sentinel-1A,SENTINEL-1 C-SAR,IW,"Interferometric Wide. 250 km swath, 5 m x 20 m spatial resolution and burst synchronization for interferometry. IW is considered to be the standard mode over land masses.",20915,18,558,2018-03-07T22:45:53.000000,2018-03-07T22:45:26.000000,SLC,2018-03-07T22:45:26.000000,2018-03-07T22:45:53.000000,10.0009,105.6841,10.589929,106.974586,11.035149,104.720131,8.960965,106.640068,9.41048,104.397194,NA,DESCENDING,https://datapool.asf.alaska.edu/SLC/SA/S1A_IW_SLC__1SDV_20180307T224526_20180307T224553_020915_023E2F_BEAD.zip,4336.976638,NA,NA,NA,0,
S1A_IW_SLC__1SDV_20180319T224527_20180319T224553_021090_0243B4_A59E,Sentinel-1A,SENTINEL-1 C-SAR,IW,"Interferometric Wide. 250 km swath, 5 m x 20 m spatial resolution and burst synchronization for interferometry. IW is considered to be the standard mode over land masses.",21090,18,558,2018-03-19T22:45:53.000000,2018-03-19T22:45:27.000000,SLC,2018-03-19T22:45:27.000000,2018-03-19T22:45:53.000000,10.0006,105.6832,10.589515,106.973625,11.034679,104.719261,8.96079,106.639191,9.410248,104.396408,NA,DESCENDING,https://datapool.asf.alaska.edu/SLC/SA/S1A_IW_SLC__1SDV_20180319T224527_20180319T224553_021090_0243B4_A59E.zip,4310.882997,NA,NA,NA,0,
S1A_IW_SLC__1SDV_20180331T224527_20180331T224554_021265_024942_EEC1,Sentinel-1A,SENTINEL-1 C-SAR,IW,"Interferometric Wide. 250 km swath, 5 m x 20 m spatial resolution and burst synchronization for interferometry. IW is considered to be the standard mode over land masses.",21265,18,558,2018-03-31T22:45:54.000000,2018-03-31T22:45:27.000000,SLC,2018-03-31T22:45:27.000000,2018-03-31T22:45:54.000000,10.0003,105.6827,10.58963,106.973213,11.034766,104.718857,8.960154,106.638649,9.409586,104.395874,NA,DESCENDING,https://datapool.asf.alaska.edu/SLC/SA/S1A_IW_SLC__1SDV_20180331T224527_20180331T224554_021265_024942_EEC1.zip,4361.815397,NA,NA,NA,0,
S1A_IW_SLC__1SDV_20180412T224527_20180412T224554_021440_024EB3_6F7A,Sentinel-1A,SENTINEL-1 C-SAR,IW,"Interferometric Wide. 250 km swath, 5 m x 20 m spatial resolution and burst synchronization for interferometry. IW is considered to be the standard mode over land masses.",21440,18,558,2018-04-12T22:45:54.000000,2018-04-12T22:45:27.000000,SLC,2018-04-12T22:45:27.000000,2018-04-12T22:45:54.000000,10.0006,105.6831,10.589584,106.973625,11.034792,104.719109,8.960744,106.639175,9.410248,104.396233,NA,DESCENDING,https://datapool.asf.alaska.edu/SLC/SA/S1A_IW_SLC__1SDV_20180412T224527_20180412T224554_021440_024EB3_6F7A.zip,4298.159202,NA,NA,NA,0,
S1A_IW_SLC__1SDV_20180424T224528_20180424T224555_021615_025428_912F,Sentinel-1A,SENTINEL-1 C-SAR,IW,"Interferometric Wide. 250 km swath, 5 m x 20 m spatial resolution and burst synchronization for interferometry. IW is considered to be the standard mode over land masses.",21615,18,558,2018-04-24T22:45:55.000000,2018-04-24T22:45:28.000000,SLC,2018-04-24T22:45:28.000000,2018-04-24T22:45:55.000000,10.0008,105.6836,10.58988,106.974136,11.035092,104.719627,8.960791,106.639626,9.410299,104.396698,NA,DESCENDING,https://datapool.asf.alaska.edu/SLC/SA/S1A_IW_SLC__1SDV_20180424T224528_20180424T224555_021615_025428_912F.zip,4300.469843,NA,NA,NA,0,
S1A_IW_SLC__1SDV_20180506T224528_20180506T224555_021790_0259B4_74F2,Sentinel-1A,SENTINEL-1 C-SAR,IW,"Interferometric Wide. 250 km swath, 5 m x 20 m spatial resolution and burst synchronization for interferometry. IW is considered to be the standard mode over land masses.",21790,18,558,2018-05-06T22:45:55.000000,2018-05-06T22:45:28.000000,SLC,2018-05-06T22:45:28.000000,2018-05-06T22:45:55.000000,10.0007,105.6834,10.589726,106.973915,11.034925,104.719437,8.960758,106.639435,9.410252,104.396538,NA,DESCENDING,https://datapool.asf.alaska.edu/SLC/SA/S1A_IW_SLC__1SDV_20180506T224528_20180506T224555_021790_0259B4_74F2.zip,4295.968478,NA,NA,NA,0,
S1A_IW_SLC__1SDV_20180518T224529_20180518T224556_021965_025F45_865F,Sentinel-1A,SENTINEL-1 C-SAR,IW,"Interferometric Wide. 250 km swath, 5 m x 20 m spatial resolution and burst synchronization for interferometry. IW is considered to be the standard mode over land masses.",21965,18,558,2018-05-18T22:45:56.000000,2018-05-18T22:45:29.000000,SLC,2018-05-18T22:45:29.000000,2018-05-18T22:45:56.000000,10.0007,105.6833,10.589705,106.973824,11.034904,104.71933,8.960738,106.639351,9.410233,104.396431,NA,DESCENDING,https://datapool.asf.alaska.edu/SLC/SA/S1A_IW_SLC__1SDV_20180518T224529_20180518T224556_021965_025F45_865F.zip,4303.739182,NA,NA,NA,0,
S1A_IW_SLC__1SDV_20180530T224530_20180530T224557_022140_0264E6_4EE5,Sentinel-1A,SENTINEL-1 C-SAR,IW,"Interferometric Wide. 250 km swath, 5 m x 20 m spatial resolution and burst synchronization for interferometry. IW is considered to be the standard mode over land masses.",22140,18,558,2018-05-30T22:45:57.000000,2018-05-30T22:45:30.000000,SLC,2018-05-30T22:45:30.000000,2018-05-30T22:45:57.000000,10.0005,105.684,10.589954,106.974625,11.035143,104.720123,8.96012,106.639984,9.409607,104.397064,NA,DESCENDING,https://datapool.asf.alaska.edu/SLC/SA/S1A_IW_SLC__1SDV_20180530T224530_20180530T224557_022140_0264E6_4EE5.zip,4291.292912,NA,NA,NA,0,
S1A_IW_SLC__1SDV_20180611T224531_20180611T224557_022315_026A59_63EA,Sentinel-1A,SENTINEL-1 C-SAR,IW,"Interferometric Wide. 250 km swath, 5 m x 20 m spatial resolution and burst synchronization for interferometry. IW is considered to be the standard mode over land masses.",22315,18,558,2018-06-11T22:45:57.000000,2018-06-11T22:45:31.000000,SLC,2018-06-11T22:45:31.000000,2018-06-11T22:45:57.000000,10.0008,105.6829,10.590026,106.97348,11.0352,104.718971,8.960684,106.638947,9.410156,104.396019,NA,DESCENDING,https://datapool.asf.alaska.edu/SLC/SA/S1A_IW_SLC__1SDV_20180611T224531_20180611T224557_022315_026A59_63EA.zip,4307.416598,NA,NA,NA,0,
S1A_IW_SLC__1SDV_20180623T224531_20180623T224558_022490_026F94_ACD8,Sentinel-1A,SENTINEL-1 C-SAR,IW,"Interferometric Wide. 250 km swath, 5 m x 20 m spatial resolution and burst synchronization for interferometry. IW is considered to be the standard mode over land masses.",22490,18,558,2018-06-23T22:45:58.000000,2018-06-23T22:45:31.000000,SLC,2018-06-23T22:45:31.000000,2018-06-23T22:45:58.000000,9.9999,105.6833,10.589359,106.973915,11.034555,104.719391,8.959527,106.639267,9.409021,104.396324,NA,DESCENDING,https://datapool.asf.alaska.edu/SLC/SA/S1A_IW_SLC__1SDV_20180623T224531_20180623T224558_022490_026F94_ACD8.zip,4336.555787,NA,NA,NA,0,
S1A_IW_SLC__1SDV_20180705T224532_20180705T224559_022665_0274AF_5562,Sentinel-1A,SENTINEL-1 C-SAR,IW,"Interferometric Wide. 250 km swath, 5 m x 20 m spatial resolution and burst synchronization for interferometry. IW is considered to be the standard mode over land masses.",22665,18,558,2018-07-05T22:45:59.000000,2018-07-05T22:45:32.000000,SLC,2018-07-05T22:45:32.000000,2018-07-05T22:45:59.000000,10.0005,105.6843,10.590019,106.97496,11.035241,104.720413,8.959938,106.640244,9.40946,104.397285,NA,DESCENDING,https://datapool.asf.alaska.edu/SLC/SA/S1A_IW_SLC__1SDV_20180705T224532_20180705T224559_022665_0274AF_5562.zip,4393.854943,NA,NA,NA,0,
S1A_IW_SLC__1SDV_20180717T224533_20180717T224600_022840_027A09_251E,Sentinel-1A,SENTINEL-1 C-SAR,IW,"Interferometric Wide. 250 km swath, 5 m x 20 m spatial resolution and burst synchronization for interferometry. IW is considered to be the standard mode over land masses.",22840,18,558,2018-07-17T22:46:00.000000,2018-07-17T22:45:33.000000,SLC,2018-07-17T22:45:33.000000,2018-07-17T22:46:00.000000,10,105.6834,10.589338,106.973991,11.034548,104.719521,8.959753,106.639381,9.40926,104.396492,NA,DESCENDING,https://datapool.asf.alaska.edu/SLC/SA/S1A_IW_SLC__1SDV_20180717T224533_20180717T224600_022840_027A09_251E.zip,4378.376394,NA,NA,NA,0,
S1A_IW_SLC__1SDV_20180810T224534_20180810T224601_023190_02850C_7295,Sentinel-1A,SENTINEL-1 C-SAR,IW,"Interferometric Wide. 250 km swath, 5 m x 20 m spatial resolution and burst synchronization for interferometry. IW is considered to be the standard mode over land masses.",23190,18,558,2018-08-10T22:46:01.000000,2018-08-10T22:45:34.000000,SLC,2018-08-10T22:45:34.000000,2018-08-10T22:46:01.000000,9.9998,105.6834,10.589421,106.973999,11.034583,104.719498,8.959211,106.639305,9.408672,104.396385,NA,DESCENDING,https://datapool.asf.alaska.edu/SLC/SA/S1A_IW_SLC__1SDV_20180810T224534_20180810T224601_023190_02850C_7295.zip,4389.622768,NA,NA,NA,0,
S1A_IW_SLC__1SDV_20180822T224535_20180822T224602_023365_028AB2_7539,Sentinel-1A,SENTINEL-1 C-SAR,IW,"Interferometric Wide. 250 km swath, 5 m x 20 m spatial resolution and burst synchronization for interferometry. IW is considered to be the standard mode over land masses.",23365,18,558,2018-08-22T22:46:02.000000,2018-08-22T22:45:35.000000,SLC,2018-08-22T22:45:35.000000,2018-08-22T22:46:02.000000,9.9999,105.6835,10.589319,106.974075,11.034504,104.719688,8.959478,106.63942,9.408961,104.396614,NA,DESCENDING,https://datapool.asf.alaska.edu/SLC/SA/S1A_IW_SLC__1SDV_20180822T224535_20180822T224602_023365_028AB2_7539.zip,4307.130685,NA,NA,NA,0,
S1A_IW_SLC__1SDV_20180903T224535_20180903T224602_023540_029043_FC1B,Sentinel-1A,SENTINEL-1 C-SAR,IW,"Interferometric Wide. 250 km swath, 5 m x 20 m spatial resolution and burst synchronization for interferometry. IW is considered to be the standard mode over land masses.",23540,18,558,2018-09-03T22:46:02.000000,2018-09-03T22:45:35.000000,SLC,2018-09-03T22:45:35.000000,2018-09-03T22:46:02.000000,9.9998,105.6824,10.589162,106.972946,11.034368,104.718529,8.959449,106.638306,9.408952,104.39547,NA,DESCENDING,https://datapool.asf.alaska.edu/SLC/SA/S1A_IW_SLC__1SDV_20180903T224535_20180903T224602_023540_029043_FC1B.zip,4321.216692,NA,NA,NA,0,
S1A_IW_SLC__1SDV_20180915T224536_20180915T224603_023715_0295DF_8799,Sentinel-1A,SENTINEL-1 C-SAR,IW,"Interferometric Wide. 250 km swath, 5 m x 20 m spatial resolution and burst synchronization for interferometry. IW is considered to be the standard mode over land masses.",23715,18,558,2018-09-15T22:46:03.000000,2018-09-15T22:45:36.000000,SLC,2018-09-15T22:45:36.000000,2018-09-15T22:46:03.000000,9.9995,105.6831,10.588918,106.973671,11.034129,104.7192,8.959085,106.639008,9.408595,104.396118,NA,DESCENDING,https://datapool.asf.alaska.edu/SLC/SA/S1A_IW_SLC__1SDV_20180915T224536_20180915T224603_023715_0295DF_8799.zip,4337.592415,NA,NA,NA,0,
S1A_IW_SLC__1SDV_20180927T224536_20180927T224603_023890_029B8C_3C7A,Sentinel-1A,SENTINEL-1 C-SAR,IW,"Interferometric Wide. 250 km swath, 5 m x 20 m spatial resolution and burst synchronization for interferometry. IW is considered to be the standard mode over land masses.",23890,18,558,2018-09-27T22:46:03.000000,2018-09-27T22:45:36.000000,SLC,2018-09-27T22:45:36.000000,2018-09-27T22:46:03.000000,9.9998,105.6833,10.589237,106.973923,11.03444,104.719337,8.959407,106.639275,9.408907,104.396278,NA,DESCENDING,https://datapool.asf.alaska.edu/SLC/SA/S1A_IW_SLC__1SDV_20180927T224536_20180927T224603_023890_029B8C_3C7A.zip,4277.181058,NA,NA,NA,0,
S1A_IW_SLC__1SDV_20181009T224536_20181009T224603_024065_02A150_EEAA,Sentinel-1A,SENTINEL-1 C-SAR,IW,"Interferometric Wide. 250 km swath, 5 m x 20 m spatial resolution and burst synchronization for interferometry. IW is considered to be the standard mode over land masses.",24065,18,558,2018-10-09T22:46:03.000000,2018-10-09T22:45:36.000000,SLC,2018-10-09T22:45:36.000000,2018-10-09T22:46:03.000000,10.0001,105.6834,10.588993,106.973984,11.034193,104.719368,8.960285,106.639565,9.40978,104.396523,NA,DESCENDING,https://datapool.asf.alaska.edu/SLC/SA/S1A_IW_SLC__1SDV_20181009T224536_20181009T224603_024065_02A150_EEAA.zip,4232.65881,NA,NA,NA,0,
S1A_IW_SLC__1SDV_20181021T224536_20181021T224603_024240_02A700_1662,Sentinel-1A,SENTINEL-1 C-SAR,IW,"Interferometric Wide. 250 km swath, 5 m x 20 m spatial resolution and burst synchronization for interferometry. IW is considered to be the standard mode over land masses.",24240,18,558,2018-10-21T22:46:03.000000,2018-10-21T22:45:36.000000,SLC,2018-10-21T22:45:36.000000,2018-10-21T22:46:03.000000,10.0004,105.6835,10.589171,106.973999,11.034389,104.719383,8.960591,106.63958,9.410101,104.396553,NA,DESCENDING,https://datapool.asf.alaska.edu/SLC/SA/S1A_IW_SLC__1SDV_20181021T224536_20181021T224603_024240_02A700_1662.zip,4200.028983,NA,NA,NA,0,
S1A_IW_SLC__1SDV_20181102T224536_20181102T224603_024415_02ACCD_518F,Sentinel-1A,SENTINEL-1 C-SAR,IW,"Interferometric Wide. 250 km swath, 5 m x 20 m spatial resolution and burst synchronization for interferometry. IW is considered to be the standard mode over land masses.",24415,18,558,2018-11-02T22:46:03.000000,2018-11-02T22:45:36.000000,SLC,2018-11-02T22:45:36.000000,2018-11-02T22:46:03.000000,10.0005,105.6833,10.58933,106.973869,11.034566,104.719276,8.960629,106.639404,9.410156,104.3964,NA,DESCENDING,https://datapool.asf.alaska.edu/SLC/SA/S1A_IW_SLC__1SDV_20181102T224536_20181102T224603_024415_02ACCD_518F.zip,4241.841256,NA,NA,NA,0,
S1A_IW_SLC__1SDV_20181114T224536_20181114T224603_024590_02B33B_15D8,Sentinel-1A,SENTINEL-1 C-SAR,IW,"Interferometric Wide. 250 km swath, 5 m x 20 m spatial resolution and burst synchronization for interferometry. IW is considered to be the standard mode over land masses.",24590,18,558,2018-11-14T22:46:03.000000,2018-11-14T22:45:36.000000,SLC,2018-11-14T22:45:36.000000,2018-11-14T22:46:03.000000,10.0008,105.6831,10.589584,106.97364,11.034815,104.719048,8.961129,106.639221,9.410651,104.396225,NA,DESCENDING,https://datapool.asf.alaska.edu/SLC/SA/S1A_IW_SLC__1SDV_20181114T224536_20181114T224603_024590_02B33B_15D8.zip,4265.010868,NA,NA,NA,0,
S1A_IW_SLC__1SDV_20181126T224536_20181126T224603_024765_02B9AA_B0B7,Sentinel-1A,SENTINEL-1 C-SAR,IW,"Interferometric Wide. 250 km swath, 5 m x 20 m spatial resolution and burst synchronization for interferometry. IW is considered to be the standard mode over land masses.",24765,18,558,2018-11-26T22:46:03.000000,2018-11-26T22:45:36.000000,SLC,2018-11-26T22:45:36.000000,2018-11-26T22:46:03.000000,10.0007,105.6835,10.589722,106.974075,11.034933,104.719505,8.960644,106.639534,9.410149,104.396561,NA,DESCENDING,https://datapool.asf.alaska.edu/SLC/SA/S1A_IW_SLC__1SDV_20181126T224536_20181126T224603_024765_02B9AA_B0B7.zip,4263.297003,NA,NA,NA,0,
S1A_IW_SLC__1SDV_20181208T224535_20181208T224602_024940_02BF81_16B1,Sentinel-1A,SENTINEL-1 C-SAR,IW,"Interferometric Wide. 250 km swath, 5 m x 20 m spatial resolution and burst synchronization for interferometry. IW is considered to be the standard mode over land masses.",24940,18,558,2018-12-08T22:46:02.000000,2018-12-08T22:45:35.000000,SLC,2018-12-08T22:45:35.000000,2018-12-08T22:46:02.000000,10.0009,105.6833,10.59009,106.973923,11.035289,104.719307,8.960765,106.639343,9.410257,104.396332,NA,DESCENDING,https://datapool.asf.alaska.edu/SLC/SA/S1A_IW_SLC__1SDV_20181208T224535_20181208T224602_024940_02BF81_16B1.zip,4334.059278,NA,NA,NA,0,
S1A_IW_SLC__1SDV_20181220T224535_20181220T224602_025115_02C5D5_1A9A,Sentinel-1A,SENTINEL-1 C-SAR,IW,"Interferometric Wide. 250 km swath, 5 m x 20 m spatial resolution and burst synchronization for interferometry. IW is considered to be the standard mode over land masses.",25115,18,558,2018-12-20T22:46:02.000000,2018-12-20T22:45:35.000000,SLC,2018-12-20T22:45:35.000000,2018-12-20T22:46:02.000000,10.0011,105.6839,10.590374,106.974525,11.035568,104.719917,8.960923,106.639923,9.410411,104.396912,NA,DESCENDING,https://datapool.asf.alaska.edu/SLC/SA/S1A_IW_SLC__1SDV_20181220T224535_20181220T224602_025115_02C5D5_1A9A.zip,4336.637489,NA,NA,NA,0,
S1A_IW_SLC__1SDV_20190101T224534_20190101T224601_025290_02CC2A_6570,Sentinel-1A,SENTINEL-1 C-SAR,IW,"Interferometric Wide. 250 km swath, 5 m x 20 m spatial resolution and burst synchronization for interferometry. IW is considered to be the standard mode over land masses.",25290,18,558,2019-01-01T22:46:01.000000,2019-01-01T22:45:34.000000,SLC,2019-01-01T22:45:34.000000,2019-01-01T22:46:01.000000,10.0002,105.6834,10.589544,106.973999,11.034757,104.719444,8.959846,106.639328,9.409351,104.39637,NA,DESCENDING,https://datapool.asf.alaska.edu/SLC/SA/S1A_IW_SLC__1SDV_20190101T224534_20190101T224601_025290_02CC2A_6570.zip,4370.087888,NA,NA,NA,0,
S1A_IW_SLC__1SDV_20190113T224534_20190113T224601_025465_02D274_0E68,Sentinel-1A,SENTINEL-1 C-SAR,IW,"Interferometric Wide. 250 km swath, 5 m x 20 m spatial resolution and burst synchronization for interferometry. IW is considered to be the standard mode over land masses.",25465,18,558,2019-01-13T22:46:01.000000,2019-01-13T22:45:34.000000,SLC,2019-01-13T22:45:34.000000,2019-01-13T22:46:01.000000,10.0004,105.6835,10.589422,106.974083,11.034677,104.719498,8.96035,106.639519,9.409896,104.396523,NA,DESCENDING,https://datapool.asf.alaska.edu/SLC/SA/S1A_IW_SLC__1SDV_20190113T224534_20190113T224601_025465_02D274_0E68.zip,4364.586455,NA,NA,NA,0,
S1A_IW_SLC__1SDV_20190125T224534_20190125T224601_025640_02D8DC_9194,Sentinel-1A,SENTINEL-1 C-SAR,IW,"Interferometric Wide. 250 km swath, 5 m x 20 m spatial resolution and burst synchronization for interferometry. IW is considered to be the standard mode over land masses.",25640,18,558,2019-01-25T22:46:01.000000,2019-01-25T22:45:34.000000,SLC,2019-01-25T22:45:34.000000,2019-01-25T22:46:01.000000,10.0004,105.6828,10.589477,106.973328,11.0347,104.71875,8.960401,106.638786,9.409917,104.395805,NA,DESCENDING,https://datapool.asf.alaska.edu/SLC/SA/S1A_IW_SLC__1SDV_20190125T224534_20190125T224601_025640_02D8DC_9194.zip,4370.865946,NA,NA,NA,0,
S1A_IW_SLC__1SDV_20190206T224533_20190206T224600_025815_02DF1D_0789,Sentinel-1A,SENTINEL-1 C-SAR,IW,"Interferometric Wide. 250 km swath, 5 m x 20 m spatial resolution and burst synchronization for interferometry. IW is considered to be the standard mode over land masses.",25815,18,558,2019-02-06T22:46:00.000000,2019-02-06T22:45:33.000000,SLC,2019-02-06T22:45:33.000000,2019-02-06T22:46:00.000000,10.0003,105.6838,10.589431,106.974373,11.034628,104.71978,8.960228,106.639824,9.409718,104.396828,NA,DESCENDING,https://datapool.asf.alaska.edu/SLC/SA/S1A_IW_SLC__1SDV_20190206T224533_20190206T224600_025815_02DF1D_0789.zip,4324.403185,NA,NA,NA,0,
S1A_IW_SLC__1SDV_20190218T224533_20190218T224600_025990_02E55C_B152,Sentinel-1A,SENTINEL-1 C-SAR,IW,"Interferometric Wide. 250 km swath, 5 m x 20 m spatial resolution and burst synchronization for interferometry. IW is considered to be the standard mode over land masses.",25990,18,558,2019-02-18T22:46:00.000000,2019-02-18T22:45:33.000000,SLC,2019-02-18T22:45:33.000000,2019-02-18T22:46:00.000000,10.0003,105.6828,10.58958,106.973373,11.034752,104.718864,8.960119,106.638786,9.409587,104.395874,NA,DESCENDING,https://datapool.asf.alaska.edu/SLC/SA/S1A_IW_SLC__1SDV_20190218T224533_20190218T224600_025990_02E55C_B152.zip,4341.954672,NA,NA,NA,0,